"title","start_time","end_time","description","exercise_title","superset_id","exercise_notes","set_index","set_type","weight_lbs","reps","distance_miles","duration_seconds","rpe"
"Upper","27 Jul 2026, 17:00","27 Jul 2026, 18:26","","Smith Machine Incline Bench","","","0","warmup","60","10","","",""
"Upper","27 Jul 2026, 17:00","27 Jul 2026, 18:26","","Smith Machine Incline Bench","","","1","normal","100","7","","",""
"Upper","27 Jul 2026, 17:00","27 Jul 2026, 18:26","","Smith Machine Incline Bench","","","2","normal","100","7","","",""
"Upper","27 Jul 2026, 17:00","27 Jul 2026, 18:26","","Machine Chest Fly","","","0","normal","100","7","","",""
"Upper","27 Jul 2026, 17:00","27 Jul 2026, 18:26","","Machine Chest Fly","","","1","normal","100","7","","",""
"Upper","27 Jul 2026, 17:00","27 Jul 2026, 18:26","","Lat Pulldown (Cable)","","","0","warmup","60","10","","",""
"Upper","27 Jul 2026, 17:00","27 Jul 2026, 18:26","","Lat Pulldown (Cable)","","","1","normal","120","7","","",""
"Upper","27 Jul 2026, 17:00","27 Jul 2026, 18:26","","Wide Grip Seated Cable Row","","","0","normal","110","7","","",""
"Upper","27 Jul 2026, 17:00","27 Jul 2026, 18:26","","Wide Grip Seated Cable Row","","","1","normal","110","7","","",""
"Upper","27 Jul 2026, 17:00","27 Jul 2026, 18:26","","Shoulder Press (Machine)","","","0","normal","90","7","","",""
"Upper","27 Jul 2026, 17:00","27 Jul 2026, 18:26","","Lateral Raise (Dumbbell)","","","0","normal","20","9","","",""
"Upper","27 Jul 2026, 17:00","27 Jul 2026, 18:26","","Lateral Raise (Dumbbell)","","","1","normal","20","9","","",""
"Upper","27 Jul 2026, 17:00","27 Jul 2026, 18:26","","Preacher Curl (Barbell)","","","0","warmup","30","10","","",""
"Upper","27 Jul 2026, 17:00","27 Jul 2026, 18:26","","Preacher Curl (Barbell)","","","1","normal","50","7","","",""
"Upper","27 Jul 2026, 17:00","27 Jul 2026, 18:26","","Preacher Curl (Barbell)","","","2","normal","50","7","","",""
"Upper","27 Jul 2026, 17:00","27 Jul 2026, 18:26","","Hammer Curl (Dumbbell)","","","0","normal","30","7","","",""
"Upper","27 Jul 2026, 17:00","27 Jul 2026, 18:26","","Triceps Pushdown","","","0","normal","60","7","","",""
"Upper","27 Jul 2026, 17:00","27 Jul 2026, 18:26","","Triceps Pushdown","","","1","normal","60","7","","",""
"Upper","27 Jul 2026, 17:00","27 Jul 2026, 18:26","","Single Arm Triceps Pushdown","","","0","normal","25","9","","",""
"Upper","30 Jul 2026, 17:00","30 Jul 2026, 18:26","","Smith Machine Incline Bench","","","0","warmup","60","10","","",""
"Upper","30 Jul 2026, 17:00","30 Jul 2026, 18:26","","Smith Machine Incline Bench","","","1","normal","100","7","","",""
"Upper","30 Jul 2026, 17:00","30 Jul 2026, 18:26","","Smith Machine Incline Bench","","","2","normal","100","7","","",""
"Upper","30 Jul 2026, 17:00","30 Jul 2026, 18:26","","Machine Chest Fly","","","0","normal","100","7","","",""
"Upper","30 Jul 2026, 17:00","30 Jul 2026, 18:26","","Machine Chest Fly","","","1","normal","100","7","","",""
"Upper","30 Jul 2026, 17:00","30 Jul 2026, 18:26","","Lat Pulldown (Cable)","","","0","warmup","60","10","","",""
"Upper","30 Jul 2026, 17:00","30 Jul 2026, 18:26","","Lat Pulldown (Cable)","","","1","normal","120","7","","",""
"Upper","30 Jul 2026, 17:00","30 Jul 2026, 18:26","","Wide Grip Seated Cable Row","","","0","normal","110","7","","",""
"Upper","30 Jul 2026, 17:00","30 Jul 2026, 18:26","","Wide Grip Seated Cable Row","","","1","normal","110","7","","",""
"Upper","30 Jul 2026, 17:00","30 Jul 2026, 18:26","","Shoulder Press (Machine)","","","0","normal","90","7","","",""
"Upper","30 Jul 2026, 17:00","30 Jul 2026, 18:26","","Lateral Raise (Dumbbell)","","","0","normal","20","9","","",""
"Upper","30 Jul 2026, 17:00","30 Jul 2026, 18:26","","Lateral Raise (Dumbbell)","","","1","normal","20","9","","",""
"Upper","30 Jul 2026, 17:00","30 Jul 2026, 18:26","","Preacher Curl (Barbell)","","","0","warmup","30","10","","",""
"Upper","30 Jul 2026, 17:00","30 Jul 2026, 18:26","","Preacher Curl (Barbell)","","","1","normal","50","7","","",""
"Upper","30 Jul 2026, 17:00","30 Jul 2026, 18:26","","Preacher Curl (Barbell)","","","2","normal","50","7","","",""
"Upper","30 Jul 2026, 17:00","30 Jul 2026, 18:26","","Hammer Curl (Dumbbell)","","","0","normal","30","7","","",""
"Upper","30 Jul 2026, 17:00","30 Jul 2026, 18:26","","Triceps Pushdown","","","0","normal","60","7","","",""
"Upper","30 Jul 2026, 17:00","30 Jul 2026, 18:26","","Triceps Pushdown","","","1","normal","60","7","","",""
"Upper","30 Jul 2026, 17:00","30 Jul 2026, 18:26","","Single Arm Triceps Pushdown","","","0","normal","25","9","","",""
"Lower","28 Jul 2026, 17:00","28 Jul 2026, 18:18","","Seated Leg Curl (Machine)","","","0","warmup","40","10","","",""
"Lower","28 Jul 2026, 17:00","28 Jul 2026, 18:18","","Seated Leg Curl (Machine)","","","1","normal","90","7","","",""
"Lower","28 Jul 2026, 17:00","28 Jul 2026, 18:18","","Seated Leg Curl (Machine)","","","2","normal","90","7","","",""
"Lower","28 Jul 2026, 17:00","28 Jul 2026, 18:18","","Leg Press","","","0","warmup","180","10","","",""
"Lower","28 Jul 2026, 17:00","28 Jul 2026, 18:18","","Leg Press","","","1","warmup","300","8","","",""
"Lower","28 Jul 2026, 17:00","28 Jul 2026, 18:18","","Leg Press","","","2","normal","450","7","","",""
"Lower","28 Jul 2026, 17:00","28 Jul 2026, 18:18","","Leg Press","","","3","normal","450","7","","",""
"Lower","28 Jul 2026, 17:00","28 Jul 2026, 18:18","","Stiff Leg Deadlift (Barbell)","","","0","warmup","95","10","","",""
"Lower","28 Jul 2026, 17:00","28 Jul 2026, 18:18","","Stiff Leg Deadlift (Barbell)","","","1","normal","135","7","","",""
"Lower","28 Jul 2026, 17:00","28 Jul 2026, 18:18","","Stiff Leg Deadlift (Barbell)","","","2","normal","135","7","","",""
"Lower","28 Jul 2026, 17:00","28 Jul 2026, 18:18","","Leg Extension (Machine)","","","0","warmup","50","10","","",""
"Lower","28 Jul 2026, 17:00","28 Jul 2026, 18:18","","Leg Extension (Machine)","","","1","normal","100","7","","",""
"Lower","28 Jul 2026, 17:00","28 Jul 2026, 18:18","","Leg Extension (Machine)","","","2","normal","100","7","","",""
"Lower","31 Jul 2026, 17:00","31 Jul 2026, 18:18","","Seated Leg Curl (Machine)","","","0","warmup","40","10","","",""
"Lower","31 Jul 2026, 17:00","31 Jul 2026, 18:18","","Seated Leg Curl (Machine)","","","1","normal","90","7","","",""
"Lower","31 Jul 2026, 17:00","31 Jul 2026, 18:18","","Seated Leg Curl (Machine)","","","2","normal","90","7","","",""
"Lower","31 Jul 2026, 17:00","31 Jul 2026, 18:18","","Leg Press","","","0","warmup","180","10","","",""
"Lower","31 Jul 2026, 17:00","31 Jul 2026, 18:18","","Leg Press","","","1","warmup","300","8","","",""
"Lower","31 Jul 2026, 17:00","31 Jul 2026, 18:18","","Leg Press","","","2","normal","450","7","","",""
"Lower","31 Jul 2026, 17:00","31 Jul 2026, 18:18","","Leg Press","","","3","normal","450","7","","",""
"Lower","31 Jul 2026, 17:00","31 Jul 2026, 18:18","","Stiff Leg Deadlift (Barbell)","","","0","warmup","95","10","","",""
"Lower","31 Jul 2026, 17:00","31 Jul 2026, 18:18","","Stiff Leg Deadlift (Barbell)","","","1","normal","135","7","","",""
"Lower","31 Jul 2026, 17:00","31 Jul 2026, 18:18","","Stiff Leg Deadlift (Barbell)","","","2","normal","135","7","","",""
"Lower","31 Jul 2026, 17:00","31 Jul 2026, 18:18","","Leg Extension (Machine)","","","0","warmup","50","10","","",""
"Lower","31 Jul 2026, 17:00","31 Jul 2026, 18:18","","Leg Extension (Machine)","","","1","normal","100","7","","",""
"Lower","31 Jul 2026, 17:00","31 Jul 2026, 18:18","","Leg Extension (Machine)","","","2","normal","100","7","","",""
"Upper","3 Aug 2026, 17:00","3 Aug 2026, 18:26","","Smith Machine Incline Bench","","","0","warmup","65","10","","",""
"Upper","3 Aug 2026, 17:00","3 Aug 2026, 18:26","","Smith Machine Incline Bench","","","1","normal","105","7","","",""
"Upper","3 Aug 2026, 17:00","3 Aug 2026, 18:26","","Smith Machine Incline Bench","","","2","normal","105","7","","",""
"Upper","3 Aug 2026, 17:00","3 Aug 2026, 18:26","","Machine Chest Fly","","","0","normal","100","7","","",""
"Upper","3 Aug 2026, 17:00","3 Aug 2026, 18:26","","Machine Chest Fly","","","1","normal","100","7","","",""
"Upper","3 Aug 2026, 17:00","3 Aug 2026, 18:26","","Lat Pulldown (Cable)","","","0","warmup","60","10","","",""
"Upper","3 Aug 2026, 17:00","3 Aug 2026, 18:26","","Lat Pulldown (Cable)","","","1","normal","120","7","","",""
"Upper","3 Aug 2026, 17:00","3 Aug 2026, 18:26","","Wide Grip Seated Cable Row","","","0","normal","110","7","","",""
"Upper","3 Aug 2026, 17:00","3 Aug 2026, 18:26","","Wide Grip Seated Cable Row","","","1","normal","110","7","","",""
"Upper","3 Aug 2026, 17:00","3 Aug 2026, 18:26","","Shoulder Press (Machine)","","","0","normal","90","7","","",""
"Upper","3 Aug 2026, 17:00","3 Aug 2026, 18:26","","Lateral Raise (Dumbbell)","","","0","normal","20","9","","",""
"Upper","3 Aug 2026, 17:00","3 Aug 2026, 18:26","","Lateral Raise (Dumbbell)","","","1","normal","20","9","","",""
"Upper","3 Aug 2026, 17:00","3 Aug 2026, 18:26","","Preacher Curl (Barbell)","","","0","warmup","30","10","","",""
"Upper","3 Aug 2026, 17:00","3 Aug 2026, 18:26","","Preacher Curl (Barbell)","","","1","normal","50","7","","",""
"Upper","3 Aug 2026, 17:00","3 Aug 2026, 18:26","","Preacher Curl (Barbell)","","","2","normal","50","7","","",""
"Upper","3 Aug 2026, 17:00","3 Aug 2026, 18:26","","Hammer Curl (Dumbbell)","","","0","normal","30","7","","",""
"Upper","3 Aug 2026, 17:00","3 Aug 2026, 18:26","","Triceps Pushdown","","","0","normal","60","7","","",""
"Upper","3 Aug 2026, 17:00","3 Aug 2026, 18:26","","Triceps Pushdown","","","1","normal","60","7","","",""
"Upper","3 Aug 2026, 17:00","3 Aug 2026, 18:26","","Single Arm Triceps Pushdown","","","0","normal","25","9","","",""
"Upper","6 Aug 2026, 17:00","6 Aug 2026, 18:26","","Smith Machine Incline Bench","","","0","warmup","65","10","","",""
"Upper","6 Aug 2026, 17:00","6 Aug 2026, 18:26","","Smith Machine Incline Bench","","","1","normal","105","7","","",""
"Upper","6 Aug 2026, 17:00","6 Aug 2026, 18:26","","Smith Machine Incline Bench","","","2","normal","105","7","","",""
"Upper","6 Aug 2026, 17:00","6 Aug 2026, 18:26","","Machine Chest Fly","","","0","normal","100","7","","",""
"Upper","6 Aug 2026, 17:00","6 Aug 2026, 18:26","","Machine Chest Fly","","","1","normal","100","7","","",""
"Upper","6 Aug 2026, 17:00","6 Aug 2026, 18:26","","Lat Pulldown (Cable)","","","0","warmup","60","10","","",""
"Upper","6 Aug 2026, 17:00","6 Aug 2026, 18:26","","Lat Pulldown (Cable)","","","1","normal","120","7","","",""
"Upper","6 Aug 2026, 17:00","6 Aug 2026, 18:26","","Wide Grip Seated Cable Row","","","0","normal","110","7","","",""
"Upper","6 Aug 2026, 17:00","6 Aug 2026, 18:26","","Wide Grip Seated Cable Row","","","1","normal","110","7","","",""
"Upper","6 Aug 2026, 17:00","6 Aug 2026, 18:26","","Shoulder Press (Machine)","","","0","normal","90","7","","",""
"Upper","6 Aug 2026, 17:00","6 Aug 2026, 18:26","","Lateral Raise (Dumbbell)","","","0","normal","20","9","","",""
"Upper","6 Aug 2026, 17:00","6 Aug 2026, 18:26","","Lateral Raise (Dumbbell)","","","1","normal","20","9","","",""
"Upper","6 Aug 2026, 17:00","6 Aug 2026, 18:26","","Preacher Curl (Barbell)","","","0","warmup","30","10","","",""
"Upper","6 Aug 2026, 17:00","6 Aug 2026, 18:26","","Preacher Curl (Barbell)","","","1","normal","50","7","","",""
"Upper","6 Aug 2026, 17:00","6 Aug 2026, 18:26","","Preacher Curl (Barbell)","","","2","normal","50","7","","",""
"Upper","6 Aug 2026, 17:00","6 Aug 2026, 18:26","","Hammer Curl (Dumbbell)","","","0","normal","30","7","","",""
"Upper","6 Aug 2026, 17:00","6 Aug 2026, 18:26","","Triceps Pushdown","","","0","normal","60","7","","",""
"Upper","6 Aug 2026, 17:00","6 Aug 2026, 18:26","","Triceps Pushdown","","","1","normal","60","7","","",""
"Upper","6 Aug 2026, 17:00","6 Aug 2026, 18:26","","Single Arm Triceps Pushdown","","","0","normal","25","9","","",""
"Lower","4 Aug 2026, 17:00","4 Aug 2026, 18:18","","Seated Leg Curl (Machine)","","","0","warmup","40","10","","",""
"Lower","4 Aug 2026, 17:00","4 Aug 2026, 18:18","","Seated Leg Curl (Machine)","","","1","normal","90","7","","",""
"Lower","4 Aug 2026, 17:00","4 Aug 2026, 18:18","","Seated Leg Curl (Machine)","","","2","normal","90","7","","",""
"Lower","4 Aug 2026, 17:00","4 Aug 2026, 18:18","","Leg Press","","","0","warmup","180","10","","",""
"Lower","4 Aug 2026, 17:00","4 Aug 2026, 18:18","","Leg Press","","","1","warmup","300","8","","",""
"Lower","4 Aug 2026, 17:00","4 Aug 2026, 18:18","","Leg Press","","","2","normal","480","7","","",""
"Lower","4 Aug 2026, 17:00","4 Aug 2026, 18:18","","Leg Press","","","3","normal","480","7","","",""
"Lower","4 Aug 2026, 17:00","4 Aug 2026, 18:18","","Stiff Leg Deadlift (Barbell)","","","0","warmup","95","10","","",""
"Lower","4 Aug 2026, 17:00","4 Aug 2026, 18:18","","Stiff Leg Deadlift (Barbell)","","","1","normal","135","7","","",""
"Lower","4 Aug 2026, 17:00","4 Aug 2026, 18:18","","Stiff Leg Deadlift (Barbell)","","","2","normal","135","7","","",""
"Lower","4 Aug 2026, 17:00","4 Aug 2026, 18:18","","Leg Extension (Machine)","","","0","warmup","50","10","","",""
"Lower","4 Aug 2026, 17:00","4 Aug 2026, 18:18","","Leg Extension (Machine)","","","1","normal","100","7","","",""
"Lower","4 Aug 2026, 17:00","4 Aug 2026, 18:18","","Leg Extension (Machine)","","","2","normal","100","7","","",""
"Lower","7 Aug 2026, 17:00","7 Aug 2026, 18:18","","Seated Leg Curl (Machine)","","","0","warmup","40","10","","",""
"Lower","7 Aug 2026, 17:00","7 Aug 2026, 18:18","","Seated Leg Curl (Machine)","","","1","normal","90","7","","",""
"Lower","7 Aug 2026, 17:00","7 Aug 2026, 18:18","","Seated Leg Curl (Machine)","","","2","normal","90","7","","",""
"Lower","7 Aug 2026, 17:00","7 Aug 2026, 18:18","","Leg Press","","","0","warmup","180","10","","",""
"Lower","7 Aug 2026, 17:00","7 Aug 2026, 18:18","","Leg Press","","","1","warmup","300","8","","",""
"Lower","7 Aug 2026, 17:00","7 Aug 2026, 18:18","","Leg Press","","","2","normal","480","7","","",""
"Lower","7 Aug 2026, 17:00","7 Aug 2026, 18:18","","Leg Press","","","3","normal","480","7","","",""
"Lower","7 Aug 2026, 17:00","7 Aug 2026, 18:18","","Stiff Leg Deadlift (Barbell)","","","0","warmup","95","10","","",""
"Lower","7 Aug 2026, 17:00","7 Aug 2026, 18:18","","Stiff Leg Deadlift (Barbell)","","","1","normal","135","7","","",""
"Lower","7 Aug 2026, 17:00","7 Aug 2026, 18:18","","Stiff Leg Deadlift (Barbell)","","","2","normal","135","7","","",""
"Lower","7 Aug 2026, 17:00","7 Aug 2026, 18:18","","Leg Extension (Machine)","","","0","warmup","50","10","","",""
"Lower","7 Aug 2026, 17:00","7 Aug 2026, 18:18","","Leg Extension (Machine)","","","1","normal","100","7","","",""
"Lower","7 Aug 2026, 17:00","7 Aug 2026, 18:18","","Leg Extension (Machine)","","","2","normal","100","7","","",""
"Upper","10 Aug 2026, 17:00","10 Aug 2026, 18:26","","Smith Machine Incline Bench","","","0","warmup","70","10","","",""
"Upper","10 Aug 2026, 17:00","10 Aug 2026, 18:26","","Smith Machine Incline Bench","","","1","normal","110","7","","",""
"Upper","10 Aug 2026, 17:00","10 Aug 2026, 18:26","","Smith Machine Incline Bench","","","2","normal","110","7","","",""
"Upper","10 Aug 2026, 17:00","10 Aug 2026, 18:26","","Machine Chest Fly","","","0","normal","100","7","","",""
"Upper","10 Aug 2026, 17:00","10 Aug 2026, 18:26","","Machine Chest Fly","","","1","normal","100","7","","",""
"Upper","10 Aug 2026, 17:00","10 Aug 2026, 18:26","","Lat Pulldown (Cable)","","","0","warmup","60","10","","",""
"Upper","10 Aug 2026, 17:00","10 Aug 2026, 18:26","","Lat Pulldown (Cable)","","","1","normal","120","7","","",""
"Upper","10 Aug 2026, 17:00","10 Aug 2026, 18:26","","Wide Grip Seated Cable Row","","","0","normal","110","7","","",""
"Upper","10 Aug 2026, 17:00","10 Aug 2026, 18:26","","Wide Grip Seated Cable Row","","","1","normal","110","7","","",""
"Upper","10 Aug 2026, 17:00","10 Aug 2026, 18:26","","Shoulder Press (Machine)","","","0","normal","90","7","","",""
"Upper","10 Aug 2026, 17:00","10 Aug 2026, 18:26","","Lateral Raise (Dumbbell)","","","0","normal","20","9","","",""
"Upper","10 Aug 2026, 17:00","10 Aug 2026, 18:26","","Lateral Raise (Dumbbell)","","","1","normal","20","9","","",""
"Upper","10 Aug 2026, 17:00","10 Aug 2026, 18:26","","Preacher Curl (Barbell)","","","0","warmup","30","10","","",""
"Upper","10 Aug 2026, 17:00","10 Aug 2026, 18:26","","Preacher Curl (Barbell)","","","1","normal","50","7","","",""
"Upper","10 Aug 2026, 17:00","10 Aug 2026, 18:26","","Preacher Curl (Barbell)","","","2","normal","50","7","","",""
"Upper","10 Aug 2026, 17:00","10 Aug 2026, 18:26","","Hammer Curl (Dumbbell)","","","0","normal","30","7","","",""
"Upper","10 Aug 2026, 17:00","10 Aug 2026, 18:26","","Triceps Pushdown","","","0","normal","60","7","","",""
"Upper","10 Aug 2026, 17:00","10 Aug 2026, 18:26","","Triceps Pushdown","","","1","normal","60","7","","",""
"Upper","10 Aug 2026, 17:00","10 Aug 2026, 18:26","","Single Arm Triceps Pushdown","","","0","normal","25","9","","",""
"Upper","13 Aug 2026, 17:00","13 Aug 2026, 18:26","","Smith Machine Incline Bench","","","0","warmup","70","10","","",""
"Upper","13 Aug 2026, 17:00","13 Aug 2026, 18:26","","Smith Machine Incline Bench","","","1","normal","110","7","","",""
"Upper","13 Aug 2026, 17:00","13 Aug 2026, 18:26","","Smith Machine Incline Bench","","","2","normal","110","7","","",""
"Upper","13 Aug 2026, 17:00","13 Aug 2026, 18:26","","Machine Chest Fly","","","0","normal","100","7","","",""
"Upper","13 Aug 2026, 17:00","13 Aug 2026, 18:26","","Machine Chest Fly","","","1","normal","100","7","","",""
"Upper","13 Aug 2026, 17:00","13 Aug 2026, 18:26","","Lat Pulldown (Cable)","","","0","warmup","60","10","","",""
"Upper","13 Aug 2026, 17:00","13 Aug 2026, 18:26","","Lat Pulldown (Cable)","","","1","normal","120","7","","",""
"Upper","13 Aug 2026, 17:00","13 Aug 2026, 18:26","","Wide Grip Seated Cable Row","","","0","normal","110","7","","",""
"Upper","13 Aug 2026, 17:00","13 Aug 2026, 18:26","","Wide Grip Seated Cable Row","","","1","normal","110","7","","",""
"Upper","13 Aug 2026, 17:00","13 Aug 2026, 18:26","","Shoulder Press (Machine)","","","0","normal","90","7","","",""
"Upper","13 Aug 2026, 17:00","13 Aug 2026, 18:26","","Lateral Raise (Dumbbell)","","","0","normal","20","9","","",""
"Upper","13 Aug 2026, 17:00","13 Aug 2026, 18:26","","Lateral Raise (Dumbbell)","","","1","normal","20","9","","",""
"Upper","13 Aug 2026, 17:00","13 Aug 2026, 18:26","","Preacher Curl (Barbell)","","","0","warmup","30","10","","",""
"Upper","13 Aug 2026, 17:00","13 Aug 2026, 18:26","","Preacher Curl (Barbell)","","","1","normal","50","7","","",""
"Upper","13 Aug 2026, 17:00","13 Aug 2026, 18:26","","Preacher Curl (Barbell)","","","2","normal","50","7","","",""
"Upper","13 Aug 2026, 17:00","13 Aug 2026, 18:26","","Hammer Curl (Dumbbell)","","","0","normal","30","7","","",""
"Upper","13 Aug 2026, 17:00","13 Aug 2026, 18:26","","Triceps Pushdown","","","0","normal","60","7","","",""
"Upper","13 Aug 2026, 17:00","13 Aug 2026, 18:26","","Triceps Pushdown","","","1","normal","60","7","","",""
"Upper","13 Aug 2026, 17:00","13 Aug 2026, 18:26","","Single Arm Triceps Pushdown","","","0","normal","25","9","","",""
"Lower","11 Aug 2026, 17:00","11 Aug 2026, 18:18","","Seated Leg Curl (Machine)","","","0","warmup","40","10","","",""
"Lower","11 Aug 2026, 17:00","11 Aug 2026, 18:18","","Seated Leg Curl (Machine)","","","1","normal","90","7","","",""
"Lower","11 Aug 2026, 17:00","11 Aug 2026, 18:18","","Seated Leg Curl (Machine)","","","2","normal","90","7","","",""
"Lower","11 Aug 2026, 17:00","11 Aug 2026, 18:18","","Leg Press","","","0","warmup","180","10","","",""
"Lower","11 Aug 2026, 17:00","11 Aug 2026, 18:18","","Leg Press","","","1","warmup","300","8","","",""
"Lower","11 Aug 2026, 17:00","11 Aug 2026, 18:18","","Leg Press","","","2","normal","500","7","","",""
"Lower","11 Aug 2026, 17:00","11 Aug 2026, 18:18","","Leg Press","","","3","normal","500","7","","",""
"Lower","11 Aug 2026, 17:00","11 Aug 2026, 18:18","","Stiff Leg Deadlift (Barbell)","","","0","warmup","95","10","","",""
"Lower","11 Aug 2026, 17:00","11 Aug 2026, 18:18","","Stiff Leg Deadlift (Barbell)","","","1","normal","135","7","","",""
"Lower","11 Aug 2026, 17:00","11 Aug 2026, 18:18","","Stiff Leg Deadlift (Barbell)","","","2","normal","135","7","","",""
"Lower","11 Aug 2026, 17:00","11 Aug 2026, 18:18","","Leg Extension (Machine)","","","0","warmup","50","10","","",""
"Lower","11 Aug 2026, 17:00","11 Aug 2026, 18:18","","Leg Extension (Machine)","","","1","normal","100","7","","",""
"Lower","11 Aug 2026, 17:00","11 Aug 2026, 18:18","","Leg Extension (Machine)","","","2","normal","100","7","","",""
"Lower","14 Aug 2026, 17:00","14 Aug 2026, 18:18","","Seated Leg Curl (Machine)","","","0","warmup","40","10","","",""
"Lower","14 Aug 2026, 17:00","14 Aug 2026, 18:18","","Seated Leg Curl (Machine)","","","1","normal","90","7","","",""
"Lower","14 Aug 2026, 17:00","14 Aug 2026, 18:18","","Seated Leg Curl (Machine)","","","2","normal","90","7","","",""
"Lower","14 Aug 2026, 17:00","14 Aug 2026, 18:18","","Leg Press","","","0","warmup","180","10","","",""
"Lower","14 Aug 2026, 17:00","14 Aug 2026, 18:18","","Leg Press","","","1","warmup","300","8","","",""
"Lower","14 Aug 2026, 17:00","14 Aug 2026, 18:18","","Leg Press","","","2","normal","500","7","","",""
"Lower","14 Aug 2026, 17:00","14 Aug 2026, 18:18","","Leg Press","","","3","normal","500","7","","",""
"Lower","14 Aug 2026, 17:00","14 Aug 2026, 18:18","","Stiff Leg Deadlift (Barbell)","","","0","warmup","95","10","","",""
"Lower","14 Aug 2026, 17:00","14 Aug 2026, 18:18","","Stiff Leg Deadlift (Barbell)","","","1","normal","135","7","","",""
"Lower","14 Aug 2026, 17:00","14 Aug 2026, 18:18","","Stiff Leg Deadlift (Barbell)","","","2","normal","135","7","","",""
"Lower","14 Aug 2026, 17:00","14 Aug 2026, 18:18","","Leg Extension (Machine)","","","0","warmup","50","10","","",""
"Lower","14 Aug 2026, 17:00","14 Aug 2026, 18:18","","Leg Extension (Machine)","","","1","normal","100","7","","",""
"Lower","14 Aug 2026, 17:00","14 Aug 2026, 18:18","","Leg Extension (Machine)","","","2","normal","100","7","","",""
"Upper","17 Aug 2026, 17:00","17 Aug 2026, 18:26","","Smith Machine Incline Bench","","","0","warmup","70","10","","",""
"Upper","17 Aug 2026, 17:00","17 Aug 2026, 18:26","","Smith Machine Incline Bench","","","1","normal","110","7","","",""
"Upper","17 Aug 2026, 17:00","17 Aug 2026, 18:26","","Smith Machine Incline Bench","","","2","normal","110","7","","",""
"Upper","17 Aug 2026, 17:00","17 Aug 2026, 18:26","","Machine Chest Fly","","","0","normal","100","7","","",""
"Upper","17 Aug 2026, 17:00","17 Aug 2026, 18:26","","Machine Chest Fly","","","1","normal","100","7","","",""
"Upper","17 Aug 2026, 17:00","17 Aug 2026, 18:26","","Lat Pulldown (Cable)","","","0","warmup","60","10","","",""
"Upper","17 Aug 2026, 17:00","17 Aug 2026, 18:26","","Lat Pulldown (Cable)","","","1","normal","120","7","","",""
"Upper","17 Aug 2026, 17:00","17 Aug 2026, 18:26","","Wide Grip Seated Cable Row","","","0","normal","110","7","","",""
"Upper","17 Aug 2026, 17:00","17 Aug 2026, 18:26","","Wide Grip Seated Cable Row","","","1","normal","110","7","","",""
"Upper","17 Aug 2026, 17:00","17 Aug 2026, 18:26","","Shoulder Press (Machine)","","","0","normal","90","7","","",""
"Upper","17 Aug 2026, 17:00","17 Aug 2026, 18:26","","Lateral Raise (Dumbbell)","","","0","normal","20","9","","",""
"Upper","17 Aug 2026, 17:00","17 Aug 2026, 18:26","","Lateral Raise (Dumbbell)","","","1","normal","20","9","","",""
"Upper","17 Aug 2026, 17:00","17 Aug 2026, 18:26","","Preacher Curl (Barbell)","","","0","warmup","30","10","","",""
"Upper","17 Aug 2026, 17:00","17 Aug 2026, 18:26","","Preacher Curl (Barbell)","","","1","normal","50","7","","",""
"Upper","17 Aug 2026, 17:00","17 Aug 2026, 18:26","","Preacher Curl (Barbell)","","","2","normal","50","7","","",""
"Upper","17 Aug 2026, 17:00","17 Aug 2026, 18:26","","Hammer Curl (Dumbbell)","","","0","normal","30","7","","",""
"Upper","17 Aug 2026, 17:00","17 Aug 2026, 18:26","","Triceps Pushdown","","","0","normal","60","7","","",""
"Upper","17 Aug 2026, 17:00","17 Aug 2026, 18:26","","Triceps Pushdown","","","1","normal","60","7","","",""
"Upper","17 Aug 2026, 17:00","17 Aug 2026, 18:26","","Single Arm Triceps Pushdown","","","0","normal","25","9","","",""
"Upper","20 Aug 2026, 17:00","20 Aug 2026, 18:26","","Smith Machine Incline Bench","","","0","warmup","70","10","","",""
"Upper","20 Aug 2026, 17:00","20 Aug 2026, 18:26","","Smith Machine Incline Bench","","","1","normal","110","7","","",""
"Upper","20 Aug 2026, 17:00","20 Aug 2026, 18:26","","Smith Machine Incline Bench","","","2","normal","110","7","","",""
"Upper","20 Aug 2026, 17:00","20 Aug 2026, 18:26","","Machine Chest Fly","","","0","normal","100","7","","",""
"Upper","20 Aug 2026, 17:00","20 Aug 2026, 18:26","","Machine Chest Fly","","","1","normal","100","7","","",""
"Upper","20 Aug 2026, 17:00","20 Aug 2026, 18:26","","Lat Pulldown (Cable)","","","0","warmup","60","10","","",""
"Upper","20 Aug 2026, 17:00","20 Aug 2026, 18:26","","Lat Pulldown (Cable)","","","1","normal","120","7","","",""
"Upper","20 Aug 2026, 17:00","20 Aug 2026, 18:26","","Wide Grip Seated Cable Row","","","0","normal","110","7","","",""
"Upper","20 Aug 2026, 17:00","20 Aug 2026, 18:26","","Wide Grip Seated Cable Row","","","1","normal","110","7","","",""
"Upper","20 Aug 2026, 17:00","20 Aug 2026, 18:26","","Shoulder Press (Machine)","","","0","normal","90","7","","",""
"Upper","20 Aug 2026, 17:00","20 Aug 2026, 18:26","","Lateral Raise (Dumbbell)","","","0","normal","20","9","","",""
"Upper","20 Aug 2026, 17:00","20 Aug 2026, 18:26","","Lateral Raise (Dumbbell)","","","1","normal","20","9","","",""
"Upper","20 Aug 2026, 17:00","20 Aug 2026, 18:26","","Preacher Curl (Barbell)","","","0","warmup","30","10","","",""
"Upper","20 Aug 2026, 17:00","20 Aug 2026, 18:26","","Preacher Curl (Barbell)","","","1","normal","50","7","","",""
"Upper","20 Aug 2026, 17:00","20 Aug 2026, 18:26","","Preacher Curl (Barbell)","","","2","normal","50","7","","",""
"Upper","20 Aug 2026, 17:00","20 Aug 2026, 18:26","","Hammer Curl (Dumbbell)","","","0","normal","30","7","","",""
"Upper","20 Aug 2026, 17:00","20 Aug 2026, 18:26","","Triceps Pushdown","","","0","normal","60","7","","",""
"Upper","20 Aug 2026, 17:00","20 Aug 2026, 18:26","","Triceps Pushdown","","","1","normal","60","7","","",""
"Upper","20 Aug 2026, 17:00","20 Aug 2026, 18:26","","Single Arm Triceps Pushdown","","","0","normal","25","9","","",""
"Lower","18 Aug 2026, 17:00","18 Aug 2026, 18:18","","Seated Leg Curl (Machine)","","","0","warmup","40","10","","",""
"Lower","18 Aug 2026, 17:00","18 Aug 2026, 18:18","","Seated Leg Curl (Machine)","","","1","normal","90","7","","",""
"Lower","18 Aug 2026, 17:00","18 Aug 2026, 18:18","","Seated Leg Curl (Machine)","","","2","normal","90","7","","",""
"Lower","18 Aug 2026, 17:00","18 Aug 2026, 18:18","","Leg Press","","","0","warmup","180","10","","",""
"Lower","18 Aug 2026, 17:00","18 Aug 2026, 18:18","","Leg Press","","","1","warmup","300","8","","",""
"Lower","18 Aug 2026, 17:00","18 Aug 2026, 18:18","","Leg Press","","","2","normal","500","7","","",""
"Lower","18 Aug 2026, 17:00","18 Aug 2026, 18:18","","Leg Press","","","3","normal","500","7","","",""
"Lower","18 Aug 2026, 17:00","18 Aug 2026, 18:18","","Stiff Leg Deadlift (Barbell)","","","0","warmup","95","10","","",""
"Lower","18 Aug 2026, 17:00","18 Aug 2026, 18:18","","Stiff Leg Deadlift (Barbell)","","","1","normal","135","7","","",""
"Lower","18 Aug 2026, 17:00","18 Aug 2026, 18:18","","Stiff Leg Deadlift (Barbell)","","","2","normal","135","7","","",""
"Lower","18 Aug 2026, 17:00","18 Aug 2026, 18:18","","Leg Extension (Machine)","","","0","warmup","50","10","","",""
"Lower","18 Aug 2026, 17:00","18 Aug 2026, 18:18","","Leg Extension (Machine)","","","1","normal","100","7","","",""
"Lower","18 Aug 2026, 17:00","18 Aug 2026, 18:18","","Leg Extension (Machine)","","","2","normal","100","7","","",""
"Lower","21 Aug 2026, 17:00","21 Aug 2026, 18:18","","Seated Leg Curl (Machine)","","","0","warmup","40","10","","",""
"Lower","21 Aug 2026, 17:00","21 Aug 2026, 18:18","","Seated Leg Curl (Machine)","","","1","normal","90","7","","",""
"Lower","21 Aug 2026, 17:00","21 Aug 2026, 18:18","","Seated Leg Curl (Machine)","","","2","normal","90","7","","",""
"Lower","21 Aug 2026, 17:00","21 Aug 2026, 18:18","","Leg Press","","","0","warmup","180","10","","",""
"Lower","21 Aug 2026, 17:00","21 Aug 2026, 18:18","","Leg Press","","","1","warmup","300","8","","",""
"Lower","21 Aug 2026, 17:00","21 Aug 2026, 18:18","","Leg Press","","","2","normal","500","7","","",""
"Lower","21 Aug 2026, 17:00","21 Aug 2026, 18:18","","Leg Press","","","3","normal","500","7","","",""
"Lower","21 Aug 2026, 17:00","21 Aug 2026, 18:18","","Stiff Leg Deadlift (Barbell)","","","0","warmup","95","10","","",""
"Lower","21 Aug 2026, 17:00","21 Aug 2026, 18:18","","Stiff Leg Deadlift (Barbell)","","","1","normal","135","7","","",""
"Lower","21 Aug 2026, 17:00","21 Aug 2026, 18:18","","Stiff Leg Deadlift (Barbell)","","","2","normal","135","7","","",""
"Lower","21 Aug 2026, 17:00","21 Aug 2026, 18:18","","Leg Extension (Machine)","","","0","warmup","50","10","","",""
"Lower","21 Aug 2026, 17:00","21 Aug 2026, 18:18","","Leg Extension (Machine)","","","1","normal","100","7","","",""
"Lower","21 Aug 2026, 17:00","21 Aug 2026, 18:18","","Leg Extension (Machine)","","","2","normal","100","7","","",""
"Upper","24 Aug 2026, 17:00","24 Aug 2026, 18:26","","Smith Machine Incline Bench","","","0","warmup","70","10","","",""
"Upper","24 Aug 2026, 17:00","24 Aug 2026, 18:26","","Smith Machine Incline Bench","","","1","normal","110","7","","",""
"Upper","24 Aug 2026, 17:00","24 Aug 2026, 18:26","","Smith Machine Incline Bench","","","2","normal","110","7","","",""
"Upper","24 Aug 2026, 17:00","24 Aug 2026, 18:26","","Machine Chest Fly","","","0","normal","100","7","","",""
"Upper","24 Aug 2026, 17:00","24 Aug 2026, 18:26","","Machine Chest Fly","","","1","normal","100","7","","",""
"Upper","24 Aug 2026, 17:00","24 Aug 2026, 18:26","","Lat Pulldown (Cable)","","","0","warmup","60","10","","",""
"Upper","24 Aug 2026, 17:00","24 Aug 2026, 18:26","","Lat Pulldown (Cable)","","","1","normal","120","7","","",""
"Upper","24 Aug 2026, 17:00","24 Aug 2026, 18:26","","Wide Grip Seated Cable Row","","","0","normal","110","7","","",""
"Upper","24 Aug 2026, 17:00","24 Aug 2026, 18:26","","Wide Grip Seated Cable Row","","","1","normal","110","7","","",""
"Upper","24 Aug 2026, 17:00","24 Aug 2026, 18:26","","Shoulder Press (Machine)","","","0","normal","90","7","","",""
"Upper","24 Aug 2026, 17:00","24 Aug 2026, 18:26","","Lateral Raise (Dumbbell)","","","0","normal","20","9","","",""
"Upper","24 Aug 2026, 17:00","24 Aug 2026, 18:26","","Lateral Raise (Dumbbell)","","","1","normal","20","9","","",""
"Upper","24 Aug 2026, 17:00","24 Aug 2026, 18:26","","Preacher Curl (Barbell)","","","0","warmup","30","10","","",""
"Upper","24 Aug 2026, 17:00","24 Aug 2026, 18:26","","Preacher Curl (Barbell)","","","1","normal","50","7","","",""
"Upper","24 Aug 2026, 17:00","24 Aug 2026, 18:26","","Preacher Curl (Barbell)","","","2","normal","50","7","","",""
"Upper","24 Aug 2026, 17:00","24 Aug 2026, 18:26","","Hammer Curl (Dumbbell)","","","0","normal","30","7","","",""
"Upper","24 Aug 2026, 17:00","24 Aug 2026, 18:26","","Triceps Pushdown","","","0","normal","60","7","","",""
"Upper","24 Aug 2026, 17:00","24 Aug 2026, 18:26","","Triceps Pushdown","","","1","normal","60","7","","",""
"Upper","24 Aug 2026, 17:00","24 Aug 2026, 18:26","","Single Arm Triceps Pushdown","","","0","normal","25","9","","",""
"Upper","27 Aug 2026, 17:00","27 Aug 2026, 18:26","","Smith Machine Incline Bench","","","0","warmup","70","10","","",""
"Upper","27 Aug 2026, 17:00","27 Aug 2026, 18:26","","Smith Machine Incline Bench","","","1","normal","110","7","","",""
"Upper","27 Aug 2026, 17:00","27 Aug 2026, 18:26","","Smith Machine Incline Bench","","","2","normal","110","7","","",""
"Upper","27 Aug 2026, 17:00","27 Aug 2026, 18:26","","Machine Chest Fly","","","0","normal","100","7","","",""
"Upper","27 Aug 2026, 17:00","27 Aug 2026, 18:26","","Machine Chest Fly","","","1","normal","100","7","","",""
"Upper","27 Aug 2026, 17:00","27 Aug 2026, 18:26","","Lat Pulldown (Cable)","","","0","warmup","60","10","","",""
"Upper","27 Aug 2026, 17:00","27 Aug 2026, 18:26","","Lat Pulldown (Cable)","","","1","normal","120","7","","",""
"Upper","27 Aug 2026, 17:00","27 Aug 2026, 18:26","","Wide Grip Seated Cable Row","","","0","normal","110","7","","",""
"Upper","27 Aug 2026, 17:00","27 Aug 2026, 18:26","","Wide Grip Seated Cable Row","","","1","normal","110","7","","",""
"Upper","27 Aug 2026, 17:00","27 Aug 2026, 18:26","","Shoulder Press (Machine)","","","0","normal","90","7","","",""
"Upper","27 Aug 2026, 17:00","27 Aug 2026, 18:26","","Lateral Raise (Dumbbell)","","","0","normal","20","9","","",""
"Upper","27 Aug 2026, 17:00","27 Aug 2026, 18:26","","Lateral Raise (Dumbbell)","","","1","normal","20","9","","",""
"Upper","27 Aug 2026, 17:00","27 Aug 2026, 18:26","","Preacher Curl (Barbell)","","","0","warmup","30","10","","",""
"Upper","27 Aug 2026, 17:00","27 Aug 2026, 18:26","","Preacher Curl (Barbell)","","","1","normal","50","7","","",""
"Upper","27 Aug 2026, 17:00","27 Aug 2026, 18:26","","Preacher Curl (Barbell)","","","2","normal","50","7","","",""
"Upper","27 Aug 2026, 17:00","27 Aug 2026, 18:26","","Hammer Curl (Dumbbell)","","","0","normal","30","7","","",""
"Upper","27 Aug 2026, 17:00","27 Aug 2026, 18:26","","Triceps Pushdown","","","0","normal","60","7","","",""
"Upper","27 Aug 2026, 17:00","27 Aug 2026, 18:26","","Triceps Pushdown","","","1","normal","60","7","","",""
"Upper","27 Aug 2026, 17:00","27 Aug 2026, 18:26","","Single Arm Triceps Pushdown","","","0","normal","25","9","","",""
"Lower","25 Aug 2026, 17:00","25 Aug 2026, 18:18","","Seated Leg Curl (Machine)","","","0","warmup","40","10","","",""
"Lower","25 Aug 2026, 17:00","25 Aug 2026, 18:18","","Seated Leg Curl (Machine)","","","1","normal","90","7","","",""
"Lower","25 Aug 2026, 17:00","25 Aug 2026, 18:18","","Seated Leg Curl (Machine)","","","2","normal","90","7","","",""
"Lower","25 Aug 2026, 17:00","25 Aug 2026, 18:18","","Leg Press","","","0","warmup","180","10","","",""
"Lower","25 Aug 2026, 17:00","25 Aug 2026, 18:18","","Leg Press","","","1","warmup","300","8","","",""
"Lower","25 Aug 2026, 17:00","25 Aug 2026, 18:18","","Leg Press","","","2","normal","500","7","","",""
"Lower","25 Aug 2026, 17:00","25 Aug 2026, 18:18","","Leg Press","","","3","normal","500","7","","",""
"Lower","25 Aug 2026, 17:00","25 Aug 2026, 18:18","","Stiff Leg Deadlift (Barbell)","","","0","warmup","95","10","","",""
"Lower","25 Aug 2026, 17:00","25 Aug 2026, 18:18","","Stiff Leg Deadlift (Barbell)","","","1","normal","135","7","","",""
"Lower","25 Aug 2026, 17:00","25 Aug 2026, 18:18","","Stiff Leg Deadlift (Barbell)","","","2","normal","135","7","","",""
"Lower","25 Aug 2026, 17:00","25 Aug 2026, 18:18","","Leg Extension (Machine)","","","0","warmup","50","10","","",""
"Lower","25 Aug 2026, 17:00","25 Aug 2026, 18:18","","Leg Extension (Machine)","","","1","normal","100","7","","",""
"Lower","25 Aug 2026, 17:00","25 Aug 2026, 18:18","","Leg Extension (Machine)","","","2","normal","100","7","","",""
"Lower","28 Aug 2026, 17:00","28 Aug 2026, 18:18","","Seated Leg Curl (Machine)","","","0","warmup","40","10","","",""
"Lower","28 Aug 2026, 17:00","28 Aug 2026, 18:18","","Seated Leg Curl (Machine)","","","1","normal","90","7","","",""
"Lower","28 Aug 2026, 17:00","28 Aug 2026, 18:18","","Seated Leg Curl (Machine)","","","2","normal","90","7","","",""
"Lower","28 Aug 2026, 17:00","28 Aug 2026, 18:18","","Leg Press","","","0","warmup","180","10","","",""
"Lower","28 Aug 2026, 17:00","28 Aug 2026, 18:18","","Leg Press","","","1","warmup","300","8","","",""
"Lower","28 Aug 2026, 17:00","28 Aug 2026, 18:18","","Leg Press","","","2","normal","500","7","","",""
"Lower","28 Aug 2026, 17:00","28 Aug 2026, 18:18","","Leg Press","","","3","normal","500","7","","",""
"Lower","28 Aug 2026, 17:00","28 Aug 2026, 18:18","","Stiff Leg Deadlift (Barbell)","","","0","warmup","95","10","","",""
"Lower","28 Aug 2026, 17:00","28 Aug 2026, 18:18","","Stiff Leg Deadlift (Barbell)","","","1","normal","135","7","","",""
"Lower","28 Aug 2026, 17:00","28 Aug 2026, 18:18","","Stiff Leg Deadlift (Barbell)","","","2","normal","135","7","","",""
"Lower","28 Aug 2026, 17:00","28 Aug 2026, 18:18","","Leg Extension (Machine)","","","0","warmup","50","10","","",""
"Lower","28 Aug 2026, 17:00","28 Aug 2026, 18:18","","Leg Extension (Machine)","","","1","normal","100","7","","",""
"Lower","28 Aug 2026, 17:00","28 Aug 2026, 18:18","","Leg Extension (Machine)","","","2","normal","100","7","","",""
"Upper","31 Aug 2026, 17:00","31 Aug 2026, 18:26","","Smith Machine Incline Bench","","","0","warmup","70","10","","",""
"Upper","31 Aug 2026, 17:00","31 Aug 2026, 18:26","","Smith Machine Incline Bench","","","1","normal","110","7","","",""
"Upper","31 Aug 2026, 17:00","31 Aug 2026, 18:26","","Smith Machine Incline Bench","","","2","normal","110","7","","",""
"Upper","31 Aug 2026, 17:00","31 Aug 2026, 18:26","","Machine Chest Fly","","","0","normal","100","7","","",""
"Upper","31 Aug 2026, 17:00","31 Aug 2026, 18:26","","Machine Chest Fly","","","1","normal","100","7","","",""
"Upper","31 Aug 2026, 17:00","31 Aug 2026, 18:26","","Lat Pulldown (Cable)","","","0","warmup","60","10","","",""
"Upper","31 Aug 2026, 17:00","31 Aug 2026, 18:26","","Lat Pulldown (Cable)","","","1","normal","120","7","","",""
"Upper","31 Aug 2026, 17:00","31 Aug 2026, 18:26","","Wide Grip Seated Cable Row","","","0","normal","110","7","","",""
"Upper","31 Aug 2026, 17:00","31 Aug 2026, 18:26","","Wide Grip Seated Cable Row","","","1","normal","110","7","","",""
"Upper","31 Aug 2026, 17:00","31 Aug 2026, 18:26","","Shoulder Press (Machine)","","","0","normal","90","7","","",""
"Upper","31 Aug 2026, 17:00","31 Aug 2026, 18:26","","Lateral Raise (Dumbbell)","","","0","normal","20","9","","",""
"Upper","31 Aug 2026, 17:00","31 Aug 2026, 18:26","","Lateral Raise (Dumbbell)","","","1","normal","20","9","","",""
"Upper","31 Aug 2026, 17:00","31 Aug 2026, 18:26","","Preacher Curl (Barbell)","","","0","warmup","30","10","","",""
"Upper","31 Aug 2026, 17:00","31 Aug 2026, 18:26","","Preacher Curl (Barbell)","","","1","normal","50","7","","",""
"Upper","31 Aug 2026, 17:00","31 Aug 2026, 18:26","","Preacher Curl (Barbell)","","","2","normal","50","7","","",""
"Upper","31 Aug 2026, 17:00","31 Aug 2026, 18:26","","Hammer Curl (Dumbbell)","","","0","normal","30","7","","",""
"Upper","31 Aug 2026, 17:00","31 Aug 2026, 18:26","","Triceps Pushdown","","","0","normal","60","7","","",""
"Upper","31 Aug 2026, 17:00","31 Aug 2026, 18:26","","Triceps Pushdown","","","1","normal","60","7","","",""
"Upper","31 Aug 2026, 17:00","31 Aug 2026, 18:26","","Single Arm Triceps Pushdown","","","0","normal","25","9","","",""
"Upper","3 Sep 2026, 17:00","3 Sep 2026, 18:26","","Smith Machine Incline Bench","","","0","warmup","70","10","","",""
"Upper","3 Sep 2026, 17:00","3 Sep 2026, 18:26","","Smith Machine Incline Bench","","","1","normal","110","7","","",""
"Upper","3 Sep 2026, 17:00","3 Sep 2026, 18:26","","Smith Machine Incline Bench","","","2","normal","110","7","","",""
"Upper","3 Sep 2026, 17:00","3 Sep 2026, 18:26","","Machine Chest Fly","","","0","normal","100","7","","",""
"Upper","3 Sep 2026, 17:00","3 Sep 2026, 18:26","","Machine Chest Fly","","","1","normal","100","7","","",""
"Upper","3 Sep 2026, 17:00","3 Sep 2026, 18:26","","Lat Pulldown (Cable)","","","0","warmup","60","10","","",""
"Upper","3 Sep 2026, 17:00","3 Sep 2026, 18:26","","Lat Pulldown (Cable)","","","1","normal","120","7","","",""
"Upper","3 Sep 2026, 17:00","3 Sep 2026, 18:26","","Wide Grip Seated Cable Row","","","0","normal","110","7","","",""
"Upper","3 Sep 2026, 17:00","3 Sep 2026, 18:26","","Wide Grip Seated Cable Row","","","1","normal","110","7","","",""
"Upper","3 Sep 2026, 17:00","3 Sep 2026, 18:26","","Shoulder Press (Machine)","","","0","normal","90","7","","",""
"Upper","3 Sep 2026, 17:00","3 Sep 2026, 18:26","","Lateral Raise (Dumbbell)","","","0","normal","20","9","","",""
"Upper","3 Sep 2026, 17:00","3 Sep 2026, 18:26","","Lateral Raise (Dumbbell)","","","1","normal","20","9","","",""
"Upper","3 Sep 2026, 17:00","3 Sep 2026, 18:26","","Preacher Curl (Barbell)","","","0","warmup","30","10","","",""
"Upper","3 Sep 2026, 17:00","3 Sep 2026, 18:26","","Preacher Curl (Barbell)","","","1","normal","50","7","","",""
"Upper","3 Sep 2026, 17:00","3 Sep 2026, 18:26","","Preacher Curl (Barbell)","","","2","normal","50","7","","",""
"Upper","3 Sep 2026, 17:00","3 Sep 2026, 18:26","","Hammer Curl (Dumbbell)","","","0","normal","30","7","","",""
"Upper","3 Sep 2026, 17:00","3 Sep 2026, 18:26","","Triceps Pushdown","","","0","normal","60","7","","",""
"Upper","3 Sep 2026, 17:00","3 Sep 2026, 18:26","","Triceps Pushdown","","","1","normal","60","7","","",""
"Upper","3 Sep 2026, 17:00","3 Sep 2026, 18:26","","Single Arm Triceps Pushdown","","","0","normal","25","9","","",""
"Lower","1 Sep 2026, 17:00","1 Sep 2026, 18:18","","Seated Leg Curl (Machine)","","","0","warmup","40","10","","",""
"Lower","1 Sep 2026, 17:00","1 Sep 2026, 18:18","","Seated Leg Curl (Machine)","","","1","normal","90","7","","",""
"Lower","1 Sep 2026, 17:00","1 Sep 2026, 18:18","","Seated Leg Curl (Machine)","","","2","normal","90","7","","",""
"Lower","1 Sep 2026, 17:00","1 Sep 2026, 18:18","","Leg Press","","","0","warmup","180","10","","",""
"Lower","1 Sep 2026, 17:00","1 Sep 2026, 18:18","","Leg Press","","","1","warmup","300","8","","",""
"Lower","1 Sep 2026, 17:00","1 Sep 2026, 18:18","","Leg Press","","","2","normal","500","7","","",""
"Lower","1 Sep 2026, 17:00","1 Sep 2026, 18:18","","Leg Press","","","3","normal","500","7","","",""
"Lower","1 Sep 2026, 17:00","1 Sep 2026, 18:18","","Stiff Leg Deadlift (Barbell)","","","0","warmup","95","10","","",""
"Lower","1 Sep 2026, 17:00","1 Sep 2026, 18:18","","Stiff Leg Deadlift (Barbell)","","","1","normal","135","7","","",""
"Lower","1 Sep 2026, 17:00","1 Sep 2026, 18:18","","Stiff Leg Deadlift (Barbell)","","","2","normal","135","7","","",""
"Lower","1 Sep 2026, 17:00","1 Sep 2026, 18:18","","Leg Extension (Machine)","","","0","warmup","50","10","","",""
"Lower","1 Sep 2026, 17:00","1 Sep 2026, 18:18","","Leg Extension (Machine)","","","1","normal","100","7","","",""
"Lower","1 Sep 2026, 17:00","1 Sep 2026, 18:18","","Leg Extension (Machine)","","","2","normal","100","7","","",""
"Lower","4 Sep 2026, 17:00","4 Sep 2026, 18:18","","Seated Leg Curl (Machine)","","","0","warmup","40","10","","",""
"Lower","4 Sep 2026, 17:00","4 Sep 2026, 18:18","","Seated Leg Curl (Machine)","","","1","normal","90","7","","",""
"Lower","4 Sep 2026, 17:00","4 Sep 2026, 18:18","","Seated Leg Curl (Machine)","","","2","normal","90","7","","",""
"Lower","4 Sep 2026, 17:00","4 Sep 2026, 18:18","","Leg Press","","","0","warmup","180","10","","",""
"Lower","4 Sep 2026, 17:00","4 Sep 2026, 18:18","","Leg Press","","","1","warmup","300","8","","",""
"Lower","4 Sep 2026, 17:00","4 Sep 2026, 18:18","","Leg Press","","","2","normal","500","7","","",""
"Lower","4 Sep 2026, 17:00","4 Sep 2026, 18:18","","Leg Press","","","3","normal","500","7","","",""
"Lower","4 Sep 2026, 17:00","4 Sep 2026, 18:18","","Stiff Leg Deadlift (Barbell)","","","0","warmup","95","10","","",""
"Lower","4 Sep 2026, 17:00","4 Sep 2026, 18:18","","Stiff Leg Deadlift (Barbell)","","","1","normal","135","7","","",""
"Lower","4 Sep 2026, 17:00","4 Sep 2026, 18:18","","Stiff Leg Deadlift (Barbell)","","","2","normal","135","7","","",""
"Lower","4 Sep 2026, 17:00","4 Sep 2026, 18:18","","Leg Extension (Machine)","","","0","warmup","50","10","","",""
"Lower","4 Sep 2026, 17:00","4 Sep 2026, 18:18","","Leg Extension (Machine)","","","1","normal","100","7","","",""
"Lower","4 Sep 2026, 17:00","4 Sep 2026, 18:18","","Leg Extension (Machine)","","","2","normal","100","7","","",""
"Upper","7 Sep 2026, 17:00","7 Sep 2026, 18:26","","Smith Machine Incline Bench","","","0","warmup","75","10","","",""
"Upper","7 Sep 2026, 17:00","7 Sep 2026, 18:26","","Smith Machine Incline Bench","","","1","normal","115","7","","",""
"Upper","7 Sep 2026, 17:00","7 Sep 2026, 18:26","","Smith Machine Incline Bench","","","2","normal","115","7","","",""
"Upper","7 Sep 2026, 17:00","7 Sep 2026, 18:26","","Machine Chest Fly","","","0","normal","100","7","","",""
"Upper","7 Sep 2026, 17:00","7 Sep 2026, 18:26","","Machine Chest Fly","","","1","normal","100","7","","",""
"Upper","7 Sep 2026, 17:00","7 Sep 2026, 18:26","","Lat Pulldown (Cable)","","","0","warmup","60","10","","",""
"Upper","7 Sep 2026, 17:00","7 Sep 2026, 18:26","","Lat Pulldown (Cable)","","","1","normal","120","7","","",""
"Upper","7 Sep 2026, 17:00","7 Sep 2026, 18:26","","Wide Grip Seated Cable Row","","","0","normal","110","7","","",""
"Upper","7 Sep 2026, 17:00","7 Sep 2026, 18:26","","Wide Grip Seated Cable Row","","","1","normal","110","7","","",""
"Upper","7 Sep 2026, 17:00","7 Sep 2026, 18:26","","Shoulder Press (Machine)","","","0","normal","90","7","","",""
"Upper","7 Sep 2026, 17:00","7 Sep 2026, 18:26","","Lateral Raise (Dumbbell)","","","0","normal","20","9","","",""
"Upper","7 Sep 2026, 17:00","7 Sep 2026, 18:26","","Lateral Raise (Dumbbell)","","","1","normal","20","9","","",""
"Upper","7 Sep 2026, 17:00","7 Sep 2026, 18:26","","Preacher Curl (Barbell)","","","0","warmup","30","10","","",""
"Upper","7 Sep 2026, 17:00","7 Sep 2026, 18:26","","Preacher Curl (Barbell)","","","1","normal","50","7","","",""
"Upper","7 Sep 2026, 17:00","7 Sep 2026, 18:26","","Preacher Curl (Barbell)","","","2","normal","50","7","","",""
"Upper","7 Sep 2026, 17:00","7 Sep 2026, 18:26","","Hammer Curl (Dumbbell)","","","0","normal","30","7","","",""
"Upper","7 Sep 2026, 17:00","7 Sep 2026, 18:26","","Triceps Pushdown","","","0","normal","60","7","","",""
"Upper","7 Sep 2026, 17:00","7 Sep 2026, 18:26","","Triceps Pushdown","","","1","normal","60","7","","",""
"Upper","7 Sep 2026, 17:00","7 Sep 2026, 18:26","","Single Arm Triceps Pushdown","","","0","normal","25","9","","",""
"Upper","10 Sep 2026, 17:00","10 Sep 2026, 18:26","","Smith Machine Incline Bench","","","0","warmup","75","10","","",""
"Upper","10 Sep 2026, 17:00","10 Sep 2026, 18:26","","Smith Machine Incline Bench","","","1","normal","115","7","","",""
"Upper","10 Sep 2026, 17:00","10 Sep 2026, 18:26","","Smith Machine Incline Bench","","","2","normal","115","7","","",""
"Upper","10 Sep 2026, 17:00","10 Sep 2026, 18:26","","Machine Chest Fly","","","0","normal","100","7","","",""
"Upper","10 Sep 2026, 17:00","10 Sep 2026, 18:26","","Machine Chest Fly","","","1","normal","100","7","","",""
"Upper","10 Sep 2026, 17:00","10 Sep 2026, 18:26","","Lat Pulldown (Cable)","","","0","warmup","60","10","","",""
"Upper","10 Sep 2026, 17:00","10 Sep 2026, 18:26","","Lat Pulldown (Cable)","","","1","normal","120","7","","",""
"Upper","10 Sep 2026, 17:00","10 Sep 2026, 18:26","","Wide Grip Seated Cable Row","","","0","normal","110","7","","",""
"Upper","10 Sep 2026, 17:00","10 Sep 2026, 18:26","","Wide Grip Seated Cable Row","","","1","normal","110","7","","",""
"Upper","10 Sep 2026, 17:00","10 Sep 2026, 18:26","","Shoulder Press (Machine)","","","0","normal","90","7","","",""
"Upper","10 Sep 2026, 17:00","10 Sep 2026, 18:26","","Lateral Raise (Dumbbell)","","","0","normal","20","9","","",""
"Upper","10 Sep 2026, 17:00","10 Sep 2026, 18:26","","Lateral Raise (Dumbbell)","","","1","normal","20","9","","",""
"Upper","10 Sep 2026, 17:00","10 Sep 2026, 18:26","","Preacher Curl (Barbell)","","","0","warmup","30","10","","",""
"Upper","10 Sep 2026, 17:00","10 Sep 2026, 18:26","","Preacher Curl (Barbell)","","","1","normal","50","7","","",""
"Upper","10 Sep 2026, 17:00","10 Sep 2026, 18:26","","Preacher Curl (Barbell)","","","2","normal","50","7","","",""
"Upper","10 Sep 2026, 17:00","10 Sep 2026, 18:26","","Hammer Curl (Dumbbell)","","","0","normal","30","7","","",""
"Upper","10 Sep 2026, 17:00","10 Sep 2026, 18:26","","Triceps Pushdown","","","0","normal","60","7","","",""
"Upper","10 Sep 2026, 17:00","10 Sep 2026, 18:26","","Triceps Pushdown","","","1","normal","60","7","","",""
"Upper","10 Sep 2026, 17:00","10 Sep 2026, 18:26","","Single Arm Triceps Pushdown","","","0","normal","25","9","","",""
"Lower","8 Sep 2026, 17:00","8 Sep 2026, 18:18","","Seated Leg Curl (Machine)","","","0","warmup","40","10","","",""
"Lower","8 Sep 2026, 17:00","8 Sep 2026, 18:18","","Seated Leg Curl (Machine)","","","1","normal","90","7","","",""
"Lower","8 Sep 2026, 17:00","8 Sep 2026, 18:18","","Seated Leg Curl (Machine)","","","2","normal","90","7","","",""
"Lower","8 Sep 2026, 17:00","8 Sep 2026, 18:18","","Leg Press","","","0","warmup","180","10","","",""
"Lower","8 Sep 2026, 17:00","8 Sep 2026, 18:18","","Leg Press","","","1","warmup","300","8","","",""
"Lower","8 Sep 2026, 17:00","8 Sep 2026, 18:18","","Leg Press","","","2","normal","520","7","","",""
"Lower","8 Sep 2026, 17:00","8 Sep 2026, 18:18","","Leg Press","","","3","normal","520","7","","",""
"Lower","8 Sep 2026, 17:00","8 Sep 2026, 18:18","","Stiff Leg Deadlift (Barbell)","","","0","warmup","95","10","","",""
"Lower","8 Sep 2026, 17:00","8 Sep 2026, 18:18","","Stiff Leg Deadlift (Barbell)","","","1","normal","135","7","","",""
"Lower","8 Sep 2026, 17:00","8 Sep 2026, 18:18","","Stiff Leg Deadlift (Barbell)","","","2","normal","135","7","","",""
"Lower","8 Sep 2026, 17:00","8 Sep 2026, 18:18","","Leg Extension (Machine)","","","0","warmup","50","10","","",""
"Lower","8 Sep 2026, 17:00","8 Sep 2026, 18:18","","Leg Extension (Machine)","","","1","normal","100","7","","",""
"Lower","8 Sep 2026, 17:00","8 Sep 2026, 18:18","","Leg Extension (Machine)","","","2","normal","100","7","","",""
"Lower","11 Sep 2026, 17:00","11 Sep 2026, 18:18","","Seated Leg Curl (Machine)","","","0","warmup","40","10","","",""
"Lower","11 Sep 2026, 17:00","11 Sep 2026, 18:18","","Seated Leg Curl (Machine)","","","1","normal","90","7","","",""
"Lower","11 Sep 2026, 17:00","11 Sep 2026, 18:18","","Seated Leg Curl (Machine)","","","2","normal","90","7","","",""
"Lower","11 Sep 2026, 17:00","11 Sep 2026, 18:18","","Leg Press","","","0","warmup","180","10","","",""
"Lower","11 Sep 2026, 17:00","11 Sep 2026, 18:18","","Leg Press","","","1","warmup","300","8","","",""
"Lower","11 Sep 2026, 17:00","11 Sep 2026, 18:18","","Leg Press","","","2","normal","520","7","","",""
"Lower","11 Sep 2026, 17:00","11 Sep 2026, 18:18","","Leg Press","","","3","normal","520","7","","",""
"Lower","11 Sep 2026, 17:00","11 Sep 2026, 18:18","","Stiff Leg Deadlift (Barbell)","","","0","warmup","95","10","","",""
"Lower","11 Sep 2026, 17:00","11 Sep 2026, 18:18","","Stiff Leg Deadlift (Barbell)","","","1","normal","135","7","","",""
"Lower","11 Sep 2026, 17:00","11 Sep 2026, 18:18","","Stiff Leg Deadlift (Barbell)","","","2","normal","135","7","","",""
"Lower","11 Sep 2026, 17:00","11 Sep 2026, 18:18","","Leg Extension (Machine)","","","0","warmup","50","10","","",""
"Lower","11 Sep 2026, 17:00","11 Sep 2026, 18:18","","Leg Extension (Machine)","","","1","normal","100","7","","",""
"Lower","11 Sep 2026, 17:00","11 Sep 2026, 18:18","","Leg Extension (Machine)","","","2","normal","100","7","","",""
"Upper","14 Sep 2026, 17:00","14 Sep 2026, 18:26","","Smith Machine Incline Bench","","","0","warmup","80","10","","",""
"Upper","14 Sep 2026, 17:00","14 Sep 2026, 18:26","","Smith Machine Incline Bench","","","1","normal","120","7","","",""
"Upper","14 Sep 2026, 17:00","14 Sep 2026, 18:26","","Smith Machine Incline Bench","","","2","normal","120","7","","",""
"Upper","14 Sep 2026, 17:00","14 Sep 2026, 18:26","","Machine Chest Fly","","","0","normal","100","7","","",""
"Upper","14 Sep 2026, 17:00","14 Sep 2026, 18:26","","Machine Chest Fly","","","1","normal","100","7","","",""
"Upper","14 Sep 2026, 17:00","14 Sep 2026, 18:26","","Lat Pulldown (Cable)","","","0","warmup","60","10","","",""
"Upper","14 Sep 2026, 17:00","14 Sep 2026, 18:26","","Lat Pulldown (Cable)","","","1","normal","120","7","","",""
"Upper","14 Sep 2026, 17:00","14 Sep 2026, 18:26","","Wide Grip Seated Cable Row","","","0","normal","110","7","","",""
"Upper","14 Sep 2026, 17:00","14 Sep 2026, 18:26","","Wide Grip Seated Cable Row","","","1","normal","110","7","","",""
"Upper","14 Sep 2026, 17:00","14 Sep 2026, 18:26","","Shoulder Press (Machine)","","","0","normal","90","7","","",""
"Upper","14 Sep 2026, 17:00","14 Sep 2026, 18:26","","Lateral Raise (Dumbbell)","","","0","normal","20","9","","",""
"Upper","14 Sep 2026, 17:00","14 Sep 2026, 18:26","","Lateral Raise (Dumbbell)","","","1","normal","20","9","","",""
"Upper","14 Sep 2026, 17:00","14 Sep 2026, 18:26","","Preacher Curl (Barbell)","","","0","warmup","30","10","","",""
"Upper","14 Sep 2026, 17:00","14 Sep 2026, 18:26","","Preacher Curl (Barbell)","","","1","normal","50","7","","",""
"Upper","14 Sep 2026, 17:00","14 Sep 2026, 18:26","","Preacher Curl (Barbell)","","","2","normal","50","7","","",""
"Upper","14 Sep 2026, 17:00","14 Sep 2026, 18:26","","Hammer Curl (Dumbbell)","","","0","normal","30","7","","",""
"Upper","14 Sep 2026, 17:00","14 Sep 2026, 18:26","","Triceps Pushdown","","","0","normal","60","7","","",""
"Upper","14 Sep 2026, 17:00","14 Sep 2026, 18:26","","Triceps Pushdown","","","1","normal","60","7","","",""
"Upper","14 Sep 2026, 17:00","14 Sep 2026, 18:26","","Single Arm Triceps Pushdown","","","0","normal","25","9","","",""
"Upper","17 Sep 2026, 17:00","17 Sep 2026, 18:26","","Smith Machine Incline Bench","","","0","warmup","80","10","","",""
"Upper","17 Sep 2026, 17:00","17 Sep 2026, 18:26","","Smith Machine Incline Bench","","","1","normal","120","7","","",""
"Upper","17 Sep 2026, 17:00","17 Sep 2026, 18:26","","Smith Machine Incline Bench","","","2","normal","120","7","","",""
"Upper","17 Sep 2026, 17:00","17 Sep 2026, 18:26","","Machine Chest Fly","","","0","normal","100","7","","",""
"Upper","17 Sep 2026, 17:00","17 Sep 2026, 18:26","","Machine Chest Fly","","","1","normal","100","7","","",""
"Upper","17 Sep 2026, 17:00","17 Sep 2026, 18:26","","Lat Pulldown (Cable)","","","0","warmup","60","10","","",""
"Upper","17 Sep 2026, 17:00","17 Sep 2026, 18:26","","Lat Pulldown (Cable)","","","1","normal","120","7","","",""
"Upper","17 Sep 2026, 17:00","17 Sep 2026, 18:26","","Wide Grip Seated Cable Row","","","0","normal","110","7","","",""
"Upper","17 Sep 2026, 17:00","17 Sep 2026, 18:26","","Wide Grip Seated Cable Row","","","1","normal","110","7","","",""
"Upper","17 Sep 2026, 17:00","17 Sep 2026, 18:26","","Shoulder Press (Machine)","","","0","normal","90","7","","",""
"Upper","17 Sep 2026, 17:00","17 Sep 2026, 18:26","","Lateral Raise (Dumbbell)","","","0","normal","20","9","","",""
"Upper","17 Sep 2026, 17:00","17 Sep 2026, 18:26","","Lateral Raise (Dumbbell)","","","1","normal","20","9","","",""
"Upper","17 Sep 2026, 17:00","17 Sep 2026, 18:26","","Preacher Curl (Barbell)","","","0","warmup","30","10","","",""
"Upper","17 Sep 2026, 17:00","17 Sep 2026, 18:26","","Preacher Curl (Barbell)","","","1","normal","50","7","","",""
"Upper","17 Sep 2026, 17:00","17 Sep 2026, 18:26","","Preacher Curl (Barbell)","","","2","normal","50","7","","",""
"Upper","17 Sep 2026, 17:00","17 Sep 2026, 18:26","","Hammer Curl (Dumbbell)","","","0","normal","30","7","","",""
"Upper","17 Sep 2026, 17:00","17 Sep 2026, 18:26","","Triceps Pushdown","","","0","normal","60","7","","",""
"Upper","17 Sep 2026, 17:00","17 Sep 2026, 18:26","","Triceps Pushdown","","","1","normal","60","7","","",""
"Upper","17 Sep 2026, 17:00","17 Sep 2026, 18:26","","Single Arm Triceps Pushdown","","","0","normal","25","9","","",""
"Lower","15 Sep 2026, 17:00","15 Sep 2026, 18:18","","Seated Leg Curl (Machine)","","","0","warmup","40","10","","",""
"Lower","15 Sep 2026, 17:00","15 Sep 2026, 18:18","","Seated Leg Curl (Machine)","","","1","normal","90","7","","",""
"Lower","15 Sep 2026, 17:00","15 Sep 2026, 18:18","","Seated Leg Curl (Machine)","","","2","normal","90","7","","",""
"Lower","15 Sep 2026, 17:00","15 Sep 2026, 18:18","","Leg Press","","","0","warmup","180","10","","",""
"Lower","15 Sep 2026, 17:00","15 Sep 2026, 18:18","","Leg Press","","","1","warmup","300","8","","",""
"Lower","15 Sep 2026, 17:00","15 Sep 2026, 18:18","","Leg Press","","","2","normal","540","7","","",""
"Lower","15 Sep 2026, 17:00","15 Sep 2026, 18:18","","Leg Press","","","3","normal","540","7","","",""
"Lower","15 Sep 2026, 17:00","15 Sep 2026, 18:18","","Stiff Leg Deadlift (Barbell)","","","0","warmup","95","10","","",""
"Lower","15 Sep 2026, 17:00","15 Sep 2026, 18:18","","Stiff Leg Deadlift (Barbell)","","","1","normal","135","7","","",""
"Lower","15 Sep 2026, 17:00","15 Sep 2026, 18:18","","Stiff Leg Deadlift (Barbell)","","","2","normal","135","7","","",""
"Lower","15 Sep 2026, 17:00","15 Sep 2026, 18:18","","Leg Extension (Machine)","","","0","warmup","50","10","","",""
"Lower","15 Sep 2026, 17:00","15 Sep 2026, 18:18","","Leg Extension (Machine)","","","1","normal","100","7","","",""
"Lower","15 Sep 2026, 17:00","15 Sep 2026, 18:18","","Leg Extension (Machine)","","","2","normal","100","7","","",""
"Lower","18 Sep 2026, 17:00","18 Sep 2026, 18:18","","Seated Leg Curl (Machine)","","","0","warmup","40","10","","",""
"Lower","18 Sep 2026, 17:00","18 Sep 2026, 18:18","","Seated Leg Curl (Machine)","","","1","normal","90","7","","",""
"Lower","18 Sep 2026, 17:00","18 Sep 2026, 18:18","","Seated Leg Curl (Machine)","","","2","normal","90","7","","",""
"Lower","18 Sep 2026, 17:00","18 Sep 2026, 18:18","","Leg Press","","","0","warmup","180","10","","",""
"Lower","18 Sep 2026, 17:00","18 Sep 2026, 18:18","","Leg Press","","","1","warmup","300","8","","",""
"Lower","18 Sep 2026, 17:00","18 Sep 2026, 18:18","","Leg Press","","","2","normal","540","7","","",""
"Lower","18 Sep 2026, 17:00","18 Sep 2026, 18:18","","Leg Press","","","3","normal","540","7","","",""
"Lower","18 Sep 2026, 17:00","18 Sep 2026, 18:18","","Stiff Leg Deadlift (Barbell)","","","0","warmup","95","10","","",""
"Lower","18 Sep 2026, 17:00","18 Sep 2026, 18:18","","Stiff Leg Deadlift (Barbell)","","","1","normal","135","7","","",""
"Lower","18 Sep 2026, 17:00","18 Sep 2026, 18:18","","Stiff Leg Deadlift (Barbell)","","","2","normal","135","7","","",""
"Lower","18 Sep 2026, 17:00","18 Sep 2026, 18:18","","Leg Extension (Machine)","","","0","warmup","50","10","","",""
"Lower","18 Sep 2026, 17:00","18 Sep 2026, 18:18","","Leg Extension (Machine)","","","1","normal","100","7","","",""
"Lower","18 Sep 2026, 17:00","18 Sep 2026, 18:18","","Leg Extension (Machine)","","","2","normal","100","7","","",""
